Workbook

Sheet ファイル一覧
B3: レイヤ | C3: 配置場所 | D3: ファイル名 | E3: 内容 | F3: 対応ユースケース | G3: ファイル種類 | H3: ファイル種類番号
B4: =VLOOKUP(テーブル2[[#This Row],[ファイル種類]],Sheet2!$B$1:$C$5,2,FALSE) -> Controller | C4: =VLOOKUP(テーブル2[[#This Row],[ファイル種類]],Sheet2!$B$1:$D$5,3,FALSE) -> servletパッケージ | D4: LoginServlet.java | E4: ログイン処理を行うコントロールクラス | F4: ログイン | G4: =VLOOKUP(テーブル2[[#This Row],[ファイル種類番号]],Sheet2!$A$1:$B$5,2,FALSE) -> Servlet | H4: 2
B5: =VLOOKUP(テーブル2[[#This Row],[ファイル種類]],Sheet2!$B$1:$C$5,2,FALSE) -> Controller | C5: =VLOOKUP(テーブル2[[#This Row],[ファイル種類]],Sheet2!$B$1:$D$5,3,FALSE) -> servletパッケージ | D5: TaskListServlet.java | E5: タスク一覧の表示を行うコントロールクラス | F5: タスク一覧表示 | G5: =VLOOKUP(テーブル2[[#This Row],[ファイル種類番号]],Sheet2!$A$1:$B$5,2,FALSE) -> Servlet | H5: 2
B6: =VLOOKUP(テーブル2[[#This Row],[ファイル種類]],Sheet2!$B$1:$C$5,2,FALSE) -> View | C6: =VLOOKUP(テーブル2[[#This Row],[ファイル種類]],Sheet2!$B$1:$D$5,3,FALSE) -> webapp | D6: menu.jsp | E6: メニューを表示するメニュー画面 | F6: システム全般 | G6: =VLOOKUP(テーブル2[[#This Row],[ファイル種類番号]],Sheet2!$A$1:$B$5,2,FALSE) -> jspファイル | H6: 1
B7: =VLOOKUP(テーブル2[[#This Row],[ファイル種類]],Sheet2!$B$1:$C$5,2,FALSE) -> Controller | C7: =VLOOKUP(テーブル2[[#This Row],[ファイル種類]],Sheet2!$B$1:$D$5,3,FALSE) -> servletパッケージ | D7: TaskDelete-Servlet.java | E7: タスク情報削除を行うコントロールクラス | F7: タスク削除 | G7: =VLOOKUP(テーブル2[[#This Row],[ファイル種類番号]],Sheet2!$A$1:$B$5,2,FALSE) -> Servlet | H7: 2
B8: =VLOOKUP(テーブル2[[#This Row],[ファイル種類]],Sheet2!$B$1:$C$5,2,FALSE) -> Controller | C8: =VLOOKUP(テーブル2[[#This Row],[ファイル種類]],Sheet2!$B$1:$D$5,3,FALSE) -> servletパッケージ | D8: TaskAddServlet.java | E8: タスク登録処理を行うコントロールクラス | F8: タスク登録 | G8: =VLOOKUP(テーブル2[[#This Row],[ファイル種類番号]],Sheet2!$A$1:$B$5,2,FALSE) -> Servlet | H8: 2
B9: =VLOOKUP(テーブル2[[#This Row],[ファイル種類]],Sheet2!$B$1:$C$5,2,FALSE) -> Model | C9: =VLOOKUP(テーブル2[[#This Row],[ファイル種類]],Sheet2!$B$1:$D$5,3,FALSE) -> model.daoパッケージ | D9: UserDAO.java | E9: m_userテーブルにアクセスするDAOクラス | F9: ログイン | G9: =VLOOKUP(テーブル2[[#This Row],[ファイル種類番号]],Sheet2!$A$1:$B$5,2,FALSE) -> DAO | H9: 3
B10: =VLOOKUP(テーブル2[[#This Row],[ファイル種類]],Sheet2!$B$1:$C$5,2,FALSE) -> Model | C10: =VLOOKUP(テーブル2[[#This Row],[ファイル種類]],Sheet2!$B$1:$D$5,3,FALSE) -> model.entityパッケージ | D10: UserBean.java | E10: 利用者情報を保持するentityクラス | F10: ログイン/ログアウト | G10: =VLOOKUP(テーブル2[[#This Row],[ファイル種類番号]],Sheet2!$A$1:$B$5,2,FALSE) -> Bean | H10: 4
B11: =VLOOKUP(テーブル2[[#This Row],[ファイル種類]],Sheet2!$B$1:$C$5,2,FALSE) -> View | C11: =VLOOKUP(テーブル2[[#This Row],[ファイル種類]],Sheet2!$B$1:$D$5,3,FALSE) -> webapp | D11: task-edit-form.jsp | E11: タスクの編集をするフォーム画面 | F11: タスク編集 | G11: =VLOOKUP(テーブル2[[#This Row],[ファイル種類番号]],Sheet2!$A$1:$B$5,2,FALSE) -> jspファイル | H11: 1
B12: =VLOOKUP(テーブル2[[#This Row],[ファイル種類]],Sheet2!$B$1:$C$5,2,FALSE) -> View | C12: =VLOOKUP(テーブル2[[#This Row],[ファイル種類]],Sheet2!$B$1:$D$5,3,FALSE) -> webapp | D12: task-edit-success.jsp | E12: タスク編集に成功したことを表示する画面 | F12: タスク編集 | G12: =VLOOKUP(テーブル2[[#This Row],[ファイル種類番号]],Sheet2!$A$1:$B$5,2,FALSE) -> jspファイル | H12: 1
B13: =VLOOKUP(テーブル2[[#This Row],[ファイル種類]],Sheet2!$B$1:$C$5,2,FALSE) -> View | C13: =VLOOKUP(テーブル2[[#This Row],[ファイル種類]],Sheet2!$B$1:$D$5,3,FALSE) -> webapp | D13: task-edit-failure.jsp | E13: タスク編集に失敗したことを表示する画面 | F13: タスク編集 | G13: =VLOOKUP(テーブル2[[#This Row],[ファイル種類番号]],Sheet2!$A$1:$B$5,2,FALSE) -> jspファイル | H13: 1
B14: =VLOOKUP(テーブル2[[#This Row],[ファイル種類]],Sheet2!$B$1:$C$5,2,FALSE) -> View | C14: =VLOOKUP(テーブル2[[#This Row],[ファイル種類]],Sheet2!$B$1:$D$5,3,FALSE) -> webapp | D14: login.jsp | E14: ログイン情報を入力するフォーム画面 | F14: ログイン | G14: =VLOOKUP(テーブル2[[#This Row],[ファイル種類番号]],Sheet2!$A$1:$B$5,2,FALSE) -> jspファイル | H14: 1
B15: =VLOOKUP(テーブル2[[#This Row],[ファイル種類]],Sheet2!$B$1:$C$5,2,FALSE) -> View | C15: =VLOOKUP(テーブル2[[#This Row],[ファイル種類]],Sheet2!$B$1:$D$5,3,FALSE) -> webapp | D15: logout.jsp | E15: ログアウトしたことを表示する画面 | F15: ログアウト | G15: =VLOOKUP(テーブル2[[#This Row],[ファイル種類番号]],Sheet2!$A$1:$B$5,2,FALSE) -> jspファイル | H15: 1
... B30: =VLOOKUP(テーブル2[[#This Row],[ファイル種類]],Sheet2!$B$1:$C$5,2,FALSE) -> Model | C30: =VLOOKUP(テーブル2[[#This Row],[ファイル種類]],Sheet2!$B$1:$D$5,3,FALSE) -> model.daoパッケージ | D30: ConnectionManager.java | E30: コネクションマネージャー | F30: システム全般 | G30: =VLOOKUP(テーブル2[[#This Row],[ファイル種類番号]],Sheet2!$A$1:$B$5,2,FALSE) -> ConnectionManager | H30: 5
B31: =VLOOKUP(テーブル2[[#This Row],[ファイル種類]],Sheet2!$B$1:$C$5,2,FALSE) -> #N/A | C31: =VLOOKUP(テーブル2[[#This Row],[ファイル種類]],Sheet2!$B$1:$D$5,3,FALSE) -> #N/A | G31: =VLOOKUP(テーブル2[[#This Row],[ファイル種類番号]],Sheet2!$A$1:$B$5,2,FALSE) -> #N/A
B32: =VLOOKUP(テーブル2[[#This Row],[ファイル種類]],Sheet2!$B$1:$C$5,2,FALSE) -> #N/A | C32: =VLOOKUP(テーブル2[[#This Row],[ファイル種類]],Sheet2!$B$1:$D$5,3,FALSE) -> #N/A | G32: =VLOOKUP(テーブル2[[#This Row],[ファイル種類番号]],Sheet2!$A$1:$B$5,2,FALSE) -> #N/A
B33: =VLOOKUP(テーブル2[[#This Row],[ファイル種類]],Sheet2!$B$1:$C$5,2,FALSE) -> #N/A | C33: =VLOOKUP(テーブル2[[#This Row],[ファイル種類]],Sheet2!$B$1:$D$5,3,FALSE) -> #N/A | G33: =VLOOKUP(テーブル2[[#This Row],[ファイル種類番号]],Sheet2!$A$1:$B$5,2,FALSE) -> #N/A
B34: =VLOOKUP(テーブル2[[#This Row],[ファイル種類]],Sheet2!$B$1:$C$5,2,FALSE) -> #N/A | C34: =VLOOKUP(テーブル2[[#This Row],[ファイル種類]],Sheet2!$B$1:$D$5,3,FALSE) -> #N/A | G34: =VLOOKUP(テーブル2[[#This Row],[ファイル種類番号]],Sheet2!$A$1:$B$5,2,FALSE) -> #N/A

Sheet Sheet2
A1: 1 | B1: jspファイル | C1: View | D1: webapp
A2: 2 | B2: Servlet | C2: Controller | D2: servletパッケージ
A3: 3 | B3: DAO | C3: Model | D3: model.daoパッケージ
A4: 4 | B4: Bean | C4: Model | D4: model.entityパッケージ
A5: 5 | B5: ConnectionManager | C5: Model | D5: model.daoパッケージ
